"zone","second","third"
"1",2001.29814672534,2008.42979220857
"2",2008.25147056762,2014.10058357313
"3",2005.42911739513,2009.32090484094
"4",2010.40573674809,2015.57141414752
"5",2006.50980950297,2013.18043949644
"6",2014.59679887359,2020.10924740741
"WI",2011.36971824998,2019.85037708045
